loss,accuracy,val_loss,val_accuracy
0.21140043437480927,0.938427746295929,0.12941357493400574,0.9602108001708984
0.11380326002836227,0.9670619368553162,0.07783976197242737,0.9754940867424011
0.08300210535526276,0.9757575988769531,0.06805673986673355,0.9833992123603821
0.07021907716989517,0.9790074825286865,0.07903014123439789,0.9789196252822876
0.058886948972940445,0.982696533203125,0.08023559302091599,0.9810276627540588
