loss,accuracy,val_loss,val_accuracy
0.20550228655338287,0.9373737573623657,0.13565397262573242,0.956258237361908
0.11726995557546616,0.9632850289344788,0.10196984559297562,0.9707509875297546
