loss,accuracy,val_loss,val_accuracy
0.5529380440711975,0.9082125425338745,0.37832170724868774,0.946772038936615
