loss,accuracy,val_loss,val_accuracy
0.2325783669948578,0.9385156035423279,0.20674601197242737,0.955467700958252
