loss,accuracy,val_loss,val_accuracy
0.21140043437480927,0.938427746295929,0.12941357493400574,0.9602108001708984
0.11380326002836227,0.9670619368553162,0.07783976197242737,0.9754940867424011
