loss,accuracy,val_loss,val_accuracy
0.5529380440711975,0.9082125425338745,0.37832170724868774,0.946772038936615
0.33611562848091125,0.9477382302284241,0.29582810401916504,0.9528326988220215
0.27717122435569763,0.9534475207328796,0.25583383440971375,0.9544137120246887
0.24426139891147614,0.9556434154510498,0.23229241371154785,0.9552041888237
