loss,accuracy,val_loss,val_accuracy
0.21633979678153992,0.9349143505096436,0.1488371342420578,0.9523056745529175
