loss,accuracy,val_loss,val_accuracy
0.20550228655338287,0.9373737573623657,0.13565397262573242,0.956258237361908
