loss,accuracy,val_loss,val_accuracy
0.21633979678153992,0.9349143505096436,0.1488371342420578,0.9523056745529175
0.11505982279777527,0.965129554271698,0.08976507931947708,0.9731225371360779
