loss,accuracy,val_loss,val_accuracy
0.38962623476982117,0.9163811802864075,0.1874910295009613,0.9525691866874695
