loss,accuracy,val_loss,val_accuracy
0.38962623476982117,0.9163811802864075,0.1874910295009613,0.9525691866874695
0.1619315892457962,0.9605621695518494,0.1356898695230484,0.9625823497772217
0.12522277235984802,0.9671497344970703,0.11379404366016388,0.9657443761825562
0.10538831353187561,0.9704874753952026,0.10288871079683304,0.9686429500579834
0.09010014683008194,0.973825216293335,0.09194956719875336,0.9731225371360779
