loss,accuracy,val_loss,val_accuracy
0.2325783669948578,0.9385156035423279,0.20674601197242737,0.955467700958252
0.17978176474571228,0.9617040157318115,0.15908527374267578,0.9649538993835449
0.16295702755451202,0.965656578540802,0.1774904429912567,0.9654809236526489
0.1539226919412613,0.9680281281471252,0.15076212584972382,0.9670619368553162
0.14495110511779785,0.9710144996643066,0.12542259693145752,0.9733860492706299
0.1322539746761322,0.9751427173614502,0.1937987208366394,0.9660078883171082
0.12585370242595673,0.9755818843841553,0.1879803091287613,0.9710144996643066
0.11744910478591919,0.9776021242141724,0.17532189190387726,0.9736495614051819
0.12200025469064713,0.9794466495513916,0.17382629215717316,0.9720684885978699
